Season,Team,Minutes_Played,Field_Goals,Field_Goal_Attempts,Field_Goal_Percentage,Three_Point_Field_Goals,Three_Point_Field_Goal_Attempts,Three_Point_Field_Goal_Percentage,Two_Point_Field_Goals,Two_Point_Field_Goal_Attempts,Two_Point_Field_Goal_Percentage,Free_Throws,Free_Throw_Attempts,Free_Throw_Percentage,Offensive_Rebounds,Defensive_Rebounds,Total_Rebounds,Assists,Steals,Blocks,Turnovers,Personal_Fouls,Points,Wins,Losses,NBA_Championships,Latitude,Longitude
2014-15,Atlanta Hawks,240.6,38.1,81.7,.466,10.0,26.2,.380,28.1,55.5,.506,16.5,21.2,.778,8.7,31.8,40.6,25.7,9.1,4.6,14.2,17.8,102.5,60,22,0,33.757222,-84.396389
2014-15,Boston Celtics,242.4,38.9,87.9,.443,8.0,24.6,.327,30.9,63.3,.488,15.4,20.5,.754,11.1,32.7,43.8,24.5,8.2,3.6,13.8,21.2,101.4,40,42,0,42.366303,-71.062228
2014-15,Brooklyn Nets,243.0,37.4,83.0,.451,6.6,19.9,.331,30.8,63.1,.489,16.6,22.2,.748,10.3,32.0,42.4,20.9,7.0,4.1,13.8,19.3,98.0,38,44,0,40.682661,-73.975225
2014-15,Charlotte Hornets,242.7,35.5,84.5,.420,6.1,19.1,.318,29.5,65.4,.450,17.0,22.8,.748,10.0,34.1,44.1,20.2,6.1,5.5,11.9,18.2,94.2,33,49,0,35.225,-80.839167
2014-15,Chicago Bulls,242.4,36.6,82.9,.442,7.9,22.3,.353,28.7,60.6,.474,19.7,25.2,.783,11.7,34.0,45.7,21.7,6.3,5.8,14.0,18.2,100.8,50,32,0,41.880556,-87.674167
2014-15,Cleveland Caveliers,241.2,37.7,82.2,.458,10.1,27.5,.367,27.6,54.7,.504,17.7,23.6,.751,11.1,31.9,43.0,22.1,7.4,4.1,14.3,18.4,103.1,53,29,0,41.496389,-81.688056
2014-15,Dallas Mavericks,242.4,39.7,85.8,.463,8.9,25.4,.352,30.8,60.4,.509,16.9,22.5,.752,10.5,31.8,42.3,22.5,8.1,4.5,13.0,20.0,105.2,50,32,0,32.790556,-96.810278
2014-15,Denver Nuggets,242.4,37.8,87.3,.433,8.0,24.8,.325,29.7,62.5,.476,17.8,24.3,.734,12.3,32.4,44.7,21.8,7.8,4.5,14.2,23.0,101.5,30,52,0,39.748611,-105.0075
2014-15,Detroit Pistons,241.8,37.1,85.8,.432,8.6,24.9,.344,28.5,60.9,.468,15.8,22.4,.703,12.8,32.1,44.9,21.6,7.6,4.7,13.4,19.0,98.5,32,50,0,42.696944,-83.245556
2014-15,Golden State Warriors,240.6,41.6,87.0,.478,10.8,27.0,.398,30.8,60.0,.514,16.0,20.8,.768,10.4,34.3,44.7,27.4,9.3,6.0,14.5,19.9,110.0,67,15,1,37.750278,-122.203056
2014-15,Houston Rockets,241.5,37.0,83.3,.444,11.4,32.7,.348,25.6,50.6,.506,18.6,26.0,.715,11.7,32.0,43.7,22.2,9.5,5.0,16.7,22.0,103.9,56,26,0,29.750833,-95.362222
2014-15,Indiana Pacers,242.1,36.6,83.2,.439,7.5,21.2,.352,29.1,62.0,.469,16.7,22.2,.756,10.4,34.4,44.9,21.4,6.2,4.6,14.0,21.2,97.3,38,44,0,39.763889,-86.155556
2014-15,Los Angeles Clippers,240.6,39.4,83.3,.473,10.1,26.9,.376,29.3,56.4,.519,17.9,25.2,.710,9.6,33.1,42.6,24.8,7.8,5.0,12.3,21.3,106.7,56,26,0,34.043056,-118.267222
2014-15,Los Angeles Lakers,243.0,37.2,85.6,.435,6.5,18.9,.344,30.8,66.8,.461,17.5,23.6,.741,11.6,32.3,43.9,20.9,7.0,4.5,13.2,21.2,98.5,21,61,0,34.043543,-118.265725
2014-15,Memphis Grizzlies,242.7,37.8,82.5,.458,5.2,15.2,.339,32.6,67.3,.485,17.6,22.8,.773,10.4,32.1,42.6,21.7,8.5,4.2,13.3,19.1,98.3,55,27,0,35.138333,-90.050556
2014-15,Miami Heat,240.6,35.2,77.2,.456,6.8,20.2,.335,28.4,57.0,.499,17.5,23.7,.741,9.1,30.0,39.1,19.8,7.8,4.5,14.8,20.0,94.7,37,45,0,25.781389,-80.188056
2014-15,Milwaukee Bucks,243.0,37.6,82.0,.459,6.6,18.3,.363,31.0,63.7,.486,16.0,21.1,.757,10.7,31.4,42.1,23.6,9.6,4.9,16.7,22.1,97.8,41,41,0,43.043611,-87.916944
2014-15,Minnesota Timberwolves,241.5,36.4,83.2,.438,5.0,14.9,.332,31.5,68.3,.461,20.0,25.7,.776,11.6,29.3,40.9,21.6,8.1,4.0,15.0,19.2,97.8,16,66,0,44.979444,-93.276111
2014-15,New Oreland Pelicans,241.2,37.9,82.9,.457,7.1,19.3,.370,30.8,63.6,.484,16.4,21.8,.751,11.5,32.0,43.5,22.0,6.7,6.2,13.3,18.7,99.4,45,37,0,29.948889,-90.081944
2014-15,New York Knicks,242.1,35.1,82.0,.428,6.8,19.7,.347,28.3,62.3,.454,14.8,19.2,.769,10.6,29.8,40.4,21.3,7.0,4.7,14.7,21.6,91.9,17,65,0,40.750556,-73.993611
2014-15,Oklahoma City Thunder,241.8,38.8,86.8,.447,7.7,22.7,.339,31.1,64.1,.486,18.6,24.6,.754,12.8,34.7,47.5,20.5,7.3,5.5,14.7,22.3,104.0,45,37,0,35.463333,-97.515
2014-15,Orlando Magic,240.9,37.5,82.8,.453,6.8,19.5,.347,30.8,63.3,.486,13.9,19.1,.729,10.0,31.8,41.8,20.6,7.9,3.8,14.9,20.9,95.7,25,57,0,28.539167,-81.383611
2014-15,Philadelphia 76ers,241.5,33.7,82.6,.408,8.4,26.3,.320,25.3,56.3,.449,16.1,23.8,.676,11.9,30.9,42.9,20.5,9.6,5.9,17.7,21.7,92.0,18,64,0,39.901111,-75.171944
2014-15,Pheonix Suns,242.4,38.8,85.8,.452,8.5,25.0,.341,30.2,60.9,.497,16.4,21.5,.760,10.9,32.2,43.2,20.2,8.5,4.7,15.1,21.3,102.4,39,43,0,33.445833,-112.071389
2014-15,Portland Trailblazers,242.1,38.7,86.0,.450,9.8,27.2,.362,28.9,58.8,.491,15.5,19.4,.801,10.7,35.1,45.9,21.9,6.4,4.5,13.6,18.2,102.8,51,31,0,45.531667,-122.666667
2014-15,Sacremento Kings,242.1,36.7,80.7,.455,5.6,16.5,.341,31.1,64.2,.484,22.3,29.3,.762,10.9,33.3,44.2,20.3,6.7,4.0,16.3,20.7,101.3,29,53,0,38.649167,-121.518056
2014-15,San Antonio Spurs,243.4,39.1,83.6,.468,8.3,22.5,.367,30.9,61.1,.505,16.7,21.4,.780,9.8,33.8,43.6,24.4,8.0,5.4,14.0,19.1,103.2,55,27,0,29.426944,-98.4375
2014-15,Toronto Raptors,242.1,37.9,83.3,.455,8.9,25.1,.352,29.0,58.2,.499,19.3,24.6,.787,10.7,30.8,41.5,20.7,7.5,4.4,12.9,20.9,104.0,49,33,0,43.643333,-79.379167
2014-15,Utah Jazz,240.3,35.4,79.2,.447,7.4,21.7,.343,27.9,57.5,.486,17.0,23.5,.721,12.0,31.9,44.0,19.9,7.6,6.0,15.3,19.3,95.1,38,44,0,40.768333,-111.901111
2014-15,Washington Wizards,243.4,38.3,82.8,.462,6.1,16.8,.360,32.2,66.0,.488,15.9,21.4,.742,10.5,34.2,44.7,24.0,7.3,4.6,15.0,20.8,98.5,46,36,0,38.898056,-77.020833
2015-16,Atlanta Hawks,241.8,38.6,84.4,.458,9.9,28.4,.350,28.7,56.1,.512,15.6,20.0,.783,8.3,33.8,42.1,25.6,9.1,5.9,15.0,19.1,102.8,48,34,0,33.757222,-84.396389
2015-16,Boston Celtics,241.2,39.2,89.2,.439,8.7,26.1,.335,30.5,63.1,.483,18.5,23.5,.788,11.6,33.3,44.9,24.2,9.2,4.2,13.7,21.9,105.7,48,34,0,42.366303,-71.062228
2015-16,Brooklyn Nets,240.9,38.2,84.4,.453,6.5,18.4,.352,31.8,66.0,.481,15.7,20.7,.757,10.5,31.9,42.4,22.3,7.6,4.0,14.8,18.0,98.6,21,61,0,40.682661,-73.975225
2015-16,Charlotte Hornets,242.1,37.0,84.4,.439,10.6,29.4,.362,26.4,55.0,.479,18.7,23.7,.790,9.0,35.0,43.9,21.7,7.3,5.3,12.5,18.1,103.4,48,34,0,35.225,-80.839167
2015-16,Chicago Bulls,242.7,38.6,87.4,.441,7.9,21.4,.371,30.7,66.1,.464,16.5,21.0,.787,11.1,35.2,46.3,22.8,6.0,5.7,13.9,18.8,101.6,42,40,0,41.880556,-87.674167
2015-16,Cleveland Caveliers,242.1,38.7,84.0,.460,10.7,29.6,.362,27.9,54.4,.514,16.3,21.7,.748,10.6,33.9,44.5,22.7,6.7,3.9,13.6,20.3,104.3,57,25,1,41.496389,-81.688056
2015-16,Dallas Mavericks,244.0,37.4,84.1,.444,9.8,28.6,.344,27.5,55.6,.495,17.7,22.3,.794,9.2,33.9,43.1,22.1,6.8,3.7,12.8,19.5,102.3,42,40,0,32.790556,-96.810278
2015-16,Denver Nuggets,241.8,37.7,85.4,.442,8.0,23.7,.338,29.7,61.7,.482,18.5,24.1,.766,11.5,33.1,44.6,22.7,7.4,4.8,14.7,21.0,101.9,33,49,0,39.748611,-105.0075
2015-16,Detroit Pistons,242.4,37.9,86.4,.439,9.0,26.2,.345,28.9,60.2,.480,17.1,25.5,.668,12.5,33.9,46.3,19.4,7.0,3.7,13.5,19.0,102.0,44,38,0,42.696944,-83.245556
2015-16,Golden State Warriors,242.4,42.5,87.3,.487,13.1,31.6,.416,29.4,55.7,.528,16.7,21.8,.763,10.0,36.2,46.2,28.9,8.4,6.1,15.2,20.7,114.9,73,9,0,37.750278,-122.203056
2015-16,Houston Rockets,241.8,37.7,83.5,.452,10.7,30.9,.347,27.0,52.6,.514,20.4,29.4,.694,11.3,31.7,43.1,22.2,10.0,5.2,15.9,21.8,106.5,41,41,0,29.750833,-95.362222
2015-16,Indiana Pacers,242.4,38.3,85.2,.450,8.1,23.0,.351,30.2,62.1,.486,17.4,22.8,.764,10.3,33.9,44.2,21.2,9.0,4.8,14.9,20.0,102.2,45,37,0,39.763889,-86.155556
2015-16,Los Angeles Clippers,241.8,38.3,82.4,.465,9.7,26.7,.364,28.6,55.7,.513,18.2,26.2,.692,8.8,33.3,42.0,22.8,8.6,5.6,13.0,21.3,104.5,53,29,0,34.043056,-118.267222
2015-16,Los Angeles Lakers,240.6,35.1,84.8,.414,7.8,24.6,.317,27.3,60.2,.454,19.3,24.7,.781,10.7,32.3,43.0,18.0,7.2,4.1,13.7,20.3,97.3,17,65,0,34.043543,-118.265725
2015-16,Memphis Grizzlies,241.8,36.8,83.6,.440,6.1,18.5,.331,30.7,65.1,.471,19.3,24.7,.783,11.2,30.5,41.6,20.7,8.8,4.3,13.3,21.7,99.1,42,40,0,35.138333,-90.050556
2015-16,Miami Heat,241.8,38.4,81.7,.470,6.1,18.0,.336,32.3,63.6,.508,17.1,23.0,.744,9.8,34.3,44.1,20.8,6.7,6.5,14.1,18.3,100.0,48,34,0,25.781389,-80.188056
2015-16,Milwaukee Bucks,241.8,38.4,82.2,.467,5.4,15.6,.345,33.0,66.6,.495,17.0,22.7,.747,10.5,31.2,41.7,23.1,8.2,5.8,15.2,20.7,99.0,33,49,0,43.043611,-87.916944
2015-16,Minnesota Timberwolves,242.4,37.7,81.3,.464,5.5,16.4,.338,32.2,64.9,.496,21.4,27.0,.792,10.0,31.5,41.6,23.4,8.0,4.6,15.0,20.7,102.4,29,53,0,44.979444,-93.276111
2015-16,New Oreland Pelicans,241.2,38.5,85.9,.448,8.6,23.8,.360,29.9,62.1,.482,17.3,22.2,.776,9.5,33.1,42.6,22.2,7.7,4.2,13.4,20.9,102.7,30,52,0,29.948889,-90.081944
2015-16,New York Knicks,241.5,36.9,84.0,.439,7.4,21.5,.346,29.4,62.5,.471,17.2,21.4,.805,10.4,34.0,44.4,20.5,5.7,5.7,13.4,19.7,98.4,32,50,0,40.750556,-73.993611
2015-16,Oklahoma City Thunder,241.8,41.1,86.4,.476,8.3,23.7,.349,32.9,62.6,.524,19.7,25.2,.782,13.1,35.6,48.6,23.0,7.4,5.9,15.9,20.6,110.2,55,27,0,35.463333,-97.515
2015-16,Orlando Magic,242.7,39.5,86.8,.455,7.8,22.2,.350,31.8,64.7,.492,15.2,20.1,.757,10.3,33.0,43.3,23.6,8.2,5.1,14.1,20.7,102.1,35,47,0,28.539167,-81.383611
2015-16,Philadelphia 76ers,241.5,36.2,84.0,.431,9.3,27.5,.339,26.9,56.5,.476,15.7,22.6,.694,9.5,31.8,41.2,21.5,8.3,6.0,16.4,21.7,97.4,10,72,0,39.901111,-75.171944
2015-16,Pheonix Suns,240.3,37.2,85.6,.435,9.0,25.8,.348,28.2,59.8,.472,17.5,23.2,.751,11.5,33.3,44.8,20.7,7.7,3.8,17.2,22.7,100.9,23,59,0,33.445833,-112.071389
2015-16,Portland Trailblazers,241.5,38.6,85.9,.450,10.5,28.5,.370,28.1,57.4,.490,17.4,23.0,.754,11.6,33.9,45.5,21.3,6.9,4.6,14.6,21.7,105.1,44,38,0,45.531667,-122.666667
2015-16,Sacremento Kings,241.5,40.0,86.4,.464,8.0,22.4,.359,32.0,64.0,.500,18.5,25.5,.725,10.6,33.7,44.2,24.5,8.9,4.5,16.2,20.4,106.6,33,49,0,38.649167,-121.518056
2015-16,San Antonio Spurs,240.3,40.1,82.9,.484,7.0,18.5,.375,33.2,64.4,.515,16.4,20.4,.803,9.4,34.5,43.9,24.5,8.3,5.9,13.1,17.5,103.5,67,15,0,29.426944,-98.4375
2015-16,Toronto Raptors,241.2,36.7,81.3,.451,8.6,23.4,.370,28.0,58.0,.483,20.8,26.7,.777,10.2,33.2,43.4,18.7,7.8,5.5,13.1,19.6,102.7,56,26,0,43.643333,-79.379167
2015-16,Utah Jazz,243.4,36.1,80.4,.449,8.5,23.9,.355,27.6,56.5,.488,17.1,23.0,.744,10.7,32.5,43.2,19.0,7.7,5.2,14.9,20.2,97.7,40,42,0,40.768333,-111.901111
2015-16,Washington Wizards,240.9,39.5,85.8,.460,8.6,24.2,.358,30.8,61.6,.501,16.5,22.5,.730,9.1,32.8,41.8,24.5,8.6,3.9,14.5,20.8,104.1,41,41,0,38.898056,-77.020833
2016-17,Atlanta Hawks,242.4,38.1,84.4,.451,8.9,26.1,.341,29.2,58.3,.501,18.1,24.9,.728,10.3,34.1,44.3,23.6,8.2,4.8,15.8,18.2,103.2,43,39,0,33.757222,-84.396389
2016-17,Boston Celtics,240.9,38.6,85.1,.454,12.0,33.4,.359,26.6,51.7,.515,18.7,23.2,.807,9.1,32.9,42.0,25.2,7.5,4.1,13.3,20.6,108.0,53,29,0,42.366303,-71.062228
2016-17,Brooklyn Nets,240.9,37.8,85.2,.444,10.7,31.6,.338,27.1,53.6,.506,19.4,24.6,.788,8.8,35.1,43.9,21.4,7.2,4.7,16.5,21.0,105.8,20,62,0,40.682661,-73.975225
2016-17,Charlotte Hornets,241.8,37.7,85.4,.442,10.0,28.6,.351,27.7,56.7,.488,19.4,23.8,.815,8.8,34.8,43.6,23.1,7.0,4.8,11.5,16.6,104.9,36,46,0,35.225,-80.839167
2016-17,Chicago Bulls,241.2,38.6,87.1,.444,7.6,22.3,.340,31.0,64.8,.479,18.0,22.5,.798,12.2,34.1,46.3,22.6,7.8,4.8,13.6,17.7,102.9,41,41,0,41.880556,-87.674167
2016-17,Cleveland Caveliers,242.4,39.9,84.9,.470,13.0,33.9,.384,26.9,51.0,.528,17.5,23.3,.748,9.3,34.4,43.7,22.7,6.6,4.0,13.7,18.1,110.3,51,31,0,41.496389,-81.688056
2016-17,Dallas Mavericks,241.2,36.2,82.3,.440,10.7,30.2,.355,25.5,52.2,.489,14.8,18.5,.801,7.9,30.7,38.6,20.8,7.5,3.7,11.9,19.1,97.9,33,49,0,32.790556,-96.810278
2016-17,Denver Nuggets,240.9,41.2,87.7,.469,10.6,28.8,.368,30.6,58.9,.519,18.7,24.2,.774,11.8,34.6,46.4,25.3,6.9,3.9,15.0,19.1,111.7,40,42,0,39.748611,-105.0075
2016-17,Detroit Pistons,241.5,39.9,88.8,.449,7.7,23.4,.330,32.2,65.5,.492,13.9,19.3,.719,11.1,34.6,45.7,21.1,7.0,3.8,11.9,17.9,101.3,37,45,0,42.696944,-83.245556
2016-17,Golden State Warriors,241.2,43.1,87.1,.495,12.0,31.2,.383,31.1,55.8,.557,17.8,22.6,.788,9.4,35.0,44.4,30.4,9.6,6.8,14.8,19.3,115.9,67,15,1,37.750278,-122.203056
2016-17,Houston Rockets,241.2,40.3,87.2,.462,14.4,40.3,.357,25.9,46.9,.552,20.3,26.5,.766,10.9,33.5,44.4,25.2,8.2,4.3,15.1,19.9,115.3,55,27,0,29.750833,-95.362222
2016-17,Indiana Pacers,242.1,39.3,84.5,.465,8.6,23.0,.376,30.6,61.5,.498,17.9,22.1,.810,9.0,33.0,42.0,22.5,8.2,5.0,13.8,19.5,105.1,42,40,0,39.763889,-86.155556
2016-17,Los Angeles Clippers,240.9,39.5,83.2,.475,10.3,27.4,.375,29.3,55.8,.525,19.3,26.0,.745,9.0,34.0,43.0,22.5,7.5,4.2,13.0,19.8,108.7,51,31,0,34.043056,-118.267222
2016-17,Los Angeles Lakers,240.3,39.3,87.4,.450,8.9,25.7,.346,30.4,61.6,.493,17.0,22.6,.754,11.4,32.1,43.5,20.9,8.2,3.9,15.2,20.7,104.6,26,56,0,34.043543,-118.265725
2016-17,Memphis Grizzlies,242.7,36.4,83.6,.435,9.4,26.5,.354,27.0,57.1,.473,18.3,23.4,.784,10.8,32.0,42.8,21.3,8.0,4.2,12.9,22.4,100.5,43,39,0,35.138333,-90.050556
2016-17,Miami Heat,241.2,39.0,85.8,.455,9.9,27.0,.365,29.2,58.8,.496,15.2,21.6,.706,10.6,33.0,43.6,21.2,7.2,5.7,13.4,20.5,103.2,41,41,0,25.781389,-80.188056
2016-17,Milwaukee Bucks,241.2,38.8,81.9,.474,8.8,23.7,.370,30.0,58.2,.516,17.2,22.4,.768,8.8,31.6,40.4,24.2,8.1,5.3,14.0,20.2,103.6,42,40,0,43.043611,-87.916944
2016-17,Minnesota Timberwolves,241.5,39.5,84.4,.467,7.3,21.0,.349,32.1,63.4,.507,19.3,24.2,.799,11.4,31.0,42.4,23.7,8.0,4.5,14.0,20.1,105.6,31,51,0,44.979444,-93.276111
2016-17,New Oreland Pelicans,242.7,39.1,87.0,.450,9.4,26.8,.350,29.8,60.2,.495,16.7,22.3,.750,8.6,35.1,43.7,22.8,7.8,5.5,12.9,18.2,104.3,34,48,0,29.948889,-90.081944
2016-17,New York Knicks,242.1,39.6,88.5,.447,8.6,24.7,.348,31.0,63.8,.485,16.6,21.1,.788,12.0,33.2,45.2,21.8,7.1,5.5,13.9,20.3,104.3,31,51,0,40.750556,-73.993611
2016-17,Oklahoma City Thunder,241.5,39.5,87.4,.452,8.4,25.8,.327,31.0,61.6,.504,19.2,25.8,.745,12.2,34.4,46.6,21.0,7.9,5.0,15.0,20.9,106.6,47,35,0,35.463333,-97.515
2016-17,Orlando Magic,241.5,38.3,87.0,.440,8.5,26.1,.328,29.7,60.9,.488,16.0,21.4,.747,9.8,33.3,43.2,22.2,7.1,4.8,13.3,19.3,101.1,29,53,0,28.539167,-81.383611
2016-17,Philadelphia 76ers,241.8,37.7,85.3,.442,10.1,29.8,.340,27.5,55.5,.496,17.0,22.0,.771,9.8,33.0,42.8,23.8,8.4,5.1,16.7,21.9,102.4,28,54,0,39.901111,-75.171944
2016-17,Pheonix Suns,241.8,39.9,88.5,.450,7.5,22.6,.332,32.4,65.9,.491,20.4,26.3,.776,11.9,33.1,45.0,19.6,8.2,4.9,15.4,24.8,107.7,24,58,0,33.445833,-112.071389
2016-17,Portland Trailblazers,243.0,39.5,86.1,.459,10.4,27.7,.375,29.2,58.4,.499,18.5,23.7,.780,10.1,33.5,43.7,21.1,7.0,5.0,13.7,21.2,107.9,41,41,0,45.531667,-122.666667
2016-17,Sacremento Kings,242.4,37.9,82.1,.461,9.0,23.9,.376,28.9,58.2,.496,18.1,23.3,.775,8.7,32.3,41.1,22.5,7.6,4.0,14.6,20.3,102.8,32,50,0,38.580361,-121.499611
2016-17,San Antonio Spurs,241.5,39.3,83.7,.469,9.2,23.5,.391,30.1,60.2,.500,17.6,22.0,.797,10.0,33.9,43.9,23.8,8.0,5.9,13.4,18.3,105.3,61,21,0,29.426944,-98.4375
2016-17,Toronto Raptors,241.2,39.2,84.4,.464,8.8,24.3,.363,30.3,60.0,.505,19.7,24.7,.796,10.6,32.6,43.3,18.5,8.3,4.9,12.7,20.8,106.9,51,31,0,43.643333,-79.379167
2016-17,Utah Jazz,240.9,37.0,79.5,.466,9.6,26.0,.372,27.3,53.5,.511,17.1,22.9,.747,9.4,33.8,43.2,20.1,6.7,5.0,13.6,18.8,100.7,51,31,0,40.768333,-111.901111
2016-17,Washington Wizards,242.1,41.3,87.0,.475,9.2,24.8,.372,32.1,62.3,.515,17.3,22.1,.784,10.3,32.6,42.9,23.9,8.5,4.1,14.2,21.3,109.2,49,33,0,38.898056,-77.020833
2017-18,Atlanta Hawks,240.3,38.2,85.5,.446,11.2,31.0,.360,27.0,54.5,.495,15.8,20.2,.785,9.1,32.8,41.9,23.7,7.8,4.2,15.5,19.6,103.4,24,58,0,33.757222,-84.396389
2017-18,Boston Celtics,241.5,38.3,85.1,.450,11.5,30.4,.377,26.9,54.7,.491,16.0,20.7,.771,9.4,35.1,44.5,22.5,7.4,4.5,14.0,19.7,104.0,55,27,0,42.366303,-71.062228
2017-18,Brooklyn Nets,242.1,38.2,86.8,.441,12.7,35.7,.356,25.5,51.1,.500,17.4,22.6,.772,9.7,34.8,44.4,23.7,6.2,4.8,15.2,20.6,106.6,28,54,0,40.682661,-73.975225
2017-18,Charlotte Hornets,241.2,39.0,86.7,.450,10.0,27.2,.369,28.9,59.4,.487,20.2,27.0,.747,10.1,35.4,45.5,21.6,6.8,4.5,12.7,17.2,108.2,36,46,0,35.225,-80.839167
2017-18,Chicago Bulls,242.1,38.7,88.8,.435,11.0,31.1,.355,27.6,57.8,.478,14.6,19.2,.759,9.6,35.0,44.7,23.5,7.6,3.5,14.0,19.2,102.9,27,55,0,41.880556,-87.674167
2017-18,Cleveland Caveliers,240.6,40.4,84.8,.476,12.0,32.1,.372,28.4,52.6,.540,18.1,23.3,.779,8.5,33.7,42.1,23.4,7.1,3.8,13.7,18.6,110.9,50,32,0,41.496389,-81.688056
2017-18,Dallas Mavericks,241.5,38.1,85.9,.444,11.8,32.8,.360,26.4,53.1,.496,14.2,18.7,.763,8.1,33.1,41.3,22.7,7.0,3.8,12.3,19.2,102.3,24,58,0,32.790556,-96.810278
2017-18,Denver Nuggets,242.4,40.7,86.6,.470,11.5,30.9,.371,29.2,55.7,.525,17.1,22.3,.767,11.0,33.5,44.5,25.1,7.6,4.9,15.0,18.7,110.0,46,36,0,39.748611,-105.0075
2017-18,Detroit Pistons,241.5,39.1,86.9,.450,10.8,28.9,.373,28.3,58.0,.488,14.7,19.8,.745,10.1,33.6,43.7,22.8,7.7,3.9,13.4,18.4,103.8,39,43,0,42.341111,-83.055
2017-18,Golden State Warriors,240.6,42.8,85.1,.503,11.3,28.9,.391,31.5,56.2,.560,16.6,20.3,.815,8.4,35.1,43.5,29.3,8.0,7.5,15.4,19.6,113.5,58,24,1,37.750278,-122.203056
2017-18,Houston Rockets,240.9,38.7,84.2,.460,15.3,42.3,.362,23.4,41.9,.558,19.6,25.1,.781,9.0,34.5,43.5,21.5,8.5,4.8,13.8,19.5,112.4,65,17,0,29.750833,-95.362222
2017-18,Indiana Pacers,240.9,40.8,86.4,.472,9.0,24.5,.369,31.8,61.9,.513,14.9,19.2,.779,9.6,32.7,42.3,22.2,8.8,4.1,13.3,18.8,105.6,48,34,0,39.763889,-86.155556
2017-18,Los Angeles Clippers,240.3,40.3,85.4,.471,9.5,26.8,.354,30.8,58.6,.525,19.0,25.5,.743,10.1,33.7,43.9,22.3,7.7,4.5,14.7,20.0,109.0,42,40,0,34.043056,-118.267222
2017-18,Los Angeles Lakers,242.7,40.7,88.4,.461,10.0,29.1,.345,30.7,59.3,.517,16.6,23.3,.714,10.7,35.7,46.4,23.8,7.7,4.7,15.8,21.2,108.1,35,47,0,34.043543,-118.265725
2017-18,Memphis Grizzlies,240.3,36.7,82.8,.444,9.2,26.2,.352,27.5,56.5,.486,16.6,21.1,.786,9.5,31.0,40.5,21.5,7.5,4.8,15.0,23.2,99.3,22,60,0,35.138333,-90.050556
2017-18,Miami Heat,243.0,38.8,85.3,.455,11.0,30.6,.360,27.8,54.8,.508,14.7,19.5,.755,9.3,34.2,43.5,22.7,7.6,5.3,14.4,20.1,103.4,44,38,0,25.781389,-80.188056
2017-18,Milwaukee Bucks,241.8,39.7,83.0,.478,8.8,24.7,.355,31.0,58.3,.531,18.3,23.4,.783,8.4,31.5,39.8,23.2,8.8,5.4,13.8,21.4,106.5,44,38,0,43.043611,-87.916944
2017-18,Minnesota Timberwolves,241.5,41.0,86.1,.476,8.0,22.5,.357,33.0,63.6,.519,19.4,24.1,.804,10.3,31.6,42.0,22.7,8.4,4.2,12.5,18.2,109.5,47,35,0,44.979444,-93.276111
2017-18,New Oreland Pelicans,243.4,42.7,88.3,.483,10.2,28.2,.362,32.5,60.1,.540,16.1,20.9,.772,8.7,35.7,44.3,26.8,8.0,5.9,14.9,19.1,111.7,48,34,0,29.948889,-90.081944
2017-18,New York Knicks,241.8,40.7,87.7,.464,8.2,23.3,.352,32.5,64.4,.504,14.9,19.0,.787,10.5,33.6,44.0,23.3,6.7,5.1,14.7,20.5,104.5,29,53,0,40.750556,-73.993611
2017-18,Oklahoma City Thunder,241.8,39.9,88.1,.453,10.7,30.4,.354,29.1,57.7,.505,17.3,24.2,.716,12.5,32.6,45.1,21.3,9.1,5.0,14.0,20.2,107.9,48,34,0,35.463333,-97.515
2017-18,Orlando Magic,240.6,38.8,85.9,.452,10.3,29.3,.351,28.5,56.5,.504,15.5,20.5,.757,8.8,32.8,41.6,23.4,7.6,4.9,14.5,19.3,103.4,25,57,0,28.539167,-81.383611
2017-18,Philadelphia 76ers,241.2,40.8,86.6,.472,11.0,29.8,.369,29.9,56.7,.526,17.1,22.8,.752,10.9,36.5,47.4,27.1,8.3,5.1,16.5,22.1,109.8,52,30,0,39.901111,-75.171944
2017-18,Pheonix Suns,240.3,38.5,87.1,.442,9.3,27.9,.334,29.1,59.2,.492,17.7,23.9,.741,10.3,33.9,44.1,21.3,6.9,4.5,15.7,22.0,103.9,21,61,0,33.445833,-112.071389
2017-18,Portland Trailblazers,240.9,39.3,87.0,.452,10.3,28.1,.366,29.0,58.8,.493,16.7,20.9,.800,10.2,35.3,45.5,19.5,7.0,5.2,13.5,19.5,105.6,49,33,0,45.531667,-122.666667
2017-18,Sacremento Kings,240.9,38.8,86.1,.450,9.0,24.0,.375,29.8,62.1,.479,12.3,16.7,.735,9.5,31.4,40.9,21.6,7.8,4.1,13.7,20.0,98.8,27,55,0,38.580361,-121.499611
2017-18,San Antonio Spurs,240.6,39.0,85.4,.457,8.5,24.1,.352,30.6,61.2,.499,16.1,20.9,.772,10.4,33.9,44.2,22.8,7.7,5.6,13.1,17.2,102.7,47,35,0,29.426944,-98.4375
2017-18,Toronto Raptors,241.8,41.3,87.4,.472,11.8,33.0,.358,29.5,54.4,.541,17.3,21.8,.794,9.8,34.2,44.0,24.3,7.6,6.1,13.4,21.7,111.7,59,23,0,43.643333,-79.379167
2017-18,Utah Jazz,240.9,38.3,82.9,.462,10.8,29.6,.366,27.5,53.3,.515,16.8,21.5,.779,9.0,34.2,43.3,22.4,8.6,5.1,14.7,19.6,104.1,48,34,0,40.768333,-111.901111
2017-18,Washington Wizards,242.1,39.9,85.6,.467,9.9,26.5,.375,30.0,59.1,.508,16.8,21.8,.772,10.0,33.1,43.1,25.2,7.9,4.3,14.6,21.3,106.6,43,39,0,38.898056,-77.020833
2018-19,Atlanta Hawks,242.1,41.4,91.8,.451,13.0,37.0,.352,28.4,54.8,.518,17.6,23.4,.752,11.6,34.5,46.1,25.8,8.2,5.1,17.0,23.6,113.3,29,53,0,33.757222,-84.396389
2018-19,Boston Celtics,241.2,42.1,90.5,.465,12.6,34.5,.365,29.5,56.0,.527,15.6,19.5,.802,9.8,34.7,44.5,26.3,8.6,5.3,12.8,20.4,112.4,49,33,0,42.366303,-71.062228
2018-19,Brooklyn Nets,243.7,40.3,89.7,.449,12.8,36.2,.353,27.5,53.6,.513,19.0,25.5,.745,11.0,35.6,46.6,23.8,6.6,4.1,15.1,21.5,112.2,42,40,0,40.682661,-73.975225
2018-19,Charlotte Hornets,241.8,40.2,89.8,.448,11.9,33.9,.351,28.3,55.8,.507,18.4,23.1,.797,9.9,33.9,43.8,23.2,7.2,4.9,12.2,18.9,110.7,39,43,0,35.225,-80.839167
2018-19,Chicago Bulls,242.7,39.8,87.9,.453,9.1,25.9,.351,30.7,62.0,.496,16.2,20.7,.783,8.8,34.1,42.9,21.9,7.4,4.3,14.1,20.3,104.9,22,60,0,41.880556,-87.674167
2018-19,Cleveland Caveliers,240.9,38.9,87.6,.444,10.3,29.1,.355,28.6,58.5,.488,16.4,20.7,.792,10.7,31.9,42.7,20.7,6.5,2.4,13.5,20.0,104.5,19,63,0,41.496389,-81.688056
2018-19,Dallas Mavericks,241.2,38.8,86.9,.447,12.5,36.6,.340,26.3,50.2,.524,18.8,25.3,.742,10.1,35.2,45.3,23.4,6.5,4.3,14.2,20.1,108.9,33,49,0,32.790556,-96.810278
2018-19,Denver Nuggets,240.6,41.9,90.0,.466,11.0,31.4,.351,30.9,58.7,.527,15.8,20.9,.755,11.9,34.5,46.4,27.4,7.7,4.4,13.4,20.0,110.7,54,28,0,39.748611,-105.0075
2018-19,Detroit Pistons,242.1,38.8,88.3,.440,12.1,34.8,.348,26.7,53.5,.500,17.3,23.1,.747,11.4,33.6,45.0,22.5,6.9,4.0,13.8,22.1,107.0,41,41,0,42.341111,-83.055
2018-19,Golden State Warriors,241.5,44.0,89.8,.491,13.3,34.4,.385,30.8,55.3,.557,16.3,20.4,.801,9.7,36.5,46.2,29.4,7.6,6.4,14.3,21.4,117.7,57,25,0,37.750278,-122.203056
2018-19,Houston Rockets,241.8,39.2,87.4,.449,16.1,45.4,.356,23.1,42.0,.551,19.3,24.4,.791,10.2,31.9,42.1,21.2,8.5,4.9,13.3,22.0,113.9,53,29,0,29.750833,-95.362222
2018-19,Indiana Pacers,240.3,41.3,87.0,.475,9.5,25.4,.374,31.8,61.6,.517,15.8,21.1,.752,9.3,33.7,43.0,26.0,8.7,4.9,13.7,19.4,108.0,48,34,0,39.763889,-86.155556
2018-19,Los Angeles Clippers,241.8,41.3,87.5,.471,10.0,25.8,.388,31.3,61.7,.507,22.6,28.5,.792,9.7,35.8,45.5,24.0,6.8,4.7,14.5,23.3,115.1,48,34,0,34.043056,-118.267222
2018-19,Los Angeles Lakers,241.2,42.6,90.5,.470,10.3,31.0,.333,32.2,59.6,.541,16.3,23.3,.699,10.2,36.4,46.6,25.6,7.5,5.4,15.7,20.7,111.8,37,45,0,34.043543,-118.265725
2018-19,Memphis Grizzlies,242.4,38.0,84.4,.450,9.9,28.9,.342,28.1,55.6,.505,17.7,23.0,.772,8.8,33.0,41.8,23.9,8.3,5.5,14.0,22.0,103.5,33,49,0,35.138333,-90.050556
2018-19,Miami Heat,240.6,39.6,88.0,.450,11.3,32.4,.349,28.3,55.6,.509,15.1,21.7,.695,11.2,35.1,46.3,24.3,7.6,5.5,14.7,20.9,105.7,39,43,0,25.781389,-80.188056
2018-19,Milwaukee Bucks,241.2,43.4,91.1,.476,13.5,38.2,.353,29.9,52.9,.565,17.9,23.2,.773,9.3,40.4,49.7,26.0,7.5,5.9,13.9,19.6,118.1,60,22,0,43.045028,-87.918167
2018-19,Minnesota Timberwolves,241.8,41.6,91.3,.456,10.1,28.7,.351,31.5,62.5,.504,19.1,24.3,.787,11.3,33.5,44.8,24.6,8.3,5.0,13.1,20.3,112.5,36,46,0,44.979444,-93.276111
2018-19,New Oreland Pelicans,240.9,43.7,92.2,.473,10.3,29.9,.344,33.4,62.4,.536,17.8,23.4,.761,11.1,36.2,47.3,27.0,7.4,5.4,14.8,21.1,115.4,33,49,0,29.948889,-90.081944
2018-19,New York Knicks,241.2,38.2,88.3,.433,10.0,29.5,.340,28.2,58.8,.479,18.1,23.9,.759,10.5,34.3,44.7,20.1,6.8,5.1,14.0,20.9,104.6,17,65,0,40.750556,-73.993611
2018-19,Oklahoma City Thunder,242.1,42.6,94.0,.454,11.4,32.6,.348,31.3,61.3,.510,17.8,25.0,.713,12.6,35.5,48.1,23.4,9.3,5.2,14.0,22.4,114.5,49,33,0,35.463333,-97.515
2018-19,Orlando Magic,241.2,40.4,89.1,.454,11.4,32.1,.356,29.0,57.0,.509,15.0,19.2,.782,10.0,35.4,45.4,25.5,6.6,5.4,13.2,18.6,107.3,42,40,0,28.539167,-81.383611
2018-19,Philadelphia 76ers,241.5,41.5,88.2,.471,10.8,30.2,.359,30.7,58.0,.529,21.2,27.5,.771,10.9,36.9,47.8,26.9,7.4,5.3,14.9,21.3,115.2,51,31,0,39.901111,-75.171944
2018-19,Pheonix Suns,242.4,40.1,87.4,.459,9.6,29.3,.329,30.5,58.1,.525,17.6,22.7,.779,9.1,31.3,40.4,23.9,9.0,5.1,15.6,23.6,107.5,19,63,0,33.445833,-112.071389
2018-19,Portland Trailblazers,242.1,42.3,90.6,.467,11.0,30.7,.359,31.3,59.8,.523,19.0,23.3,.814,11.8,36.2,48.0,23.0,6.7,5.0,13.8,20.4,114.7,53,29,0,45.531667,-122.666667
2018-19,Sacremento Kings,240.6,43.2,93.1,.464,11.3,29.9,.378,31.9,63.2,.504,16.5,22.7,.726,11.0,34.4,45.4,25.4,8.3,4.4,13.4,21.4,114.2,39,43,0,38.580361,-121.499611
2018-19,San Antonio Spurs,241.5,42.3,88.4,.478,9.9,25.3,.392,32.4,63.1,.513,17.2,21.0,.819,9.2,35.5,44.7,24.5,6.1,4.7,12.1,18.1,111.7,48,34,0,29.426944,-98.4375
2018-19,Toronto Raptors,242.4,42.2,89.1,.474,12.4,33.8,.366,29.8,55.3,.539,17.7,22.0,.804,9.6,35.6,45.2,25.4,8.3,5.3,14.0,21.0,114.4,58,24,1,43.643333,-79.379167
2018-19,Utah Jazz,240.9,40.4,86.4,.468,12.1,34.0,.356,28.3,52.4,.541,18.8,25.5,.736,10.0,36.4,46.4,26.0,8.1,5.9,15.1,21.1,111.7,50,32,0,40.768333,-111.901111
2018-19,Washington Wizards,243.0,42.1,90.1,.468,11.3,33.3,.341,30.8,56.8,.543,18.4,23.9,.768,9.7,32.7,42.4,26.3,8.3,4.6,14.1,20.7,114.0,32,50,0,38.898056,-77.020833
2019-20,Atlanta Hawks,243.0,40.6,90.6,.449,12.0,36.1,.333,28.6,54.5,.525,18.5,23.4,.790,9.9,33.4,43.3,24.0,7.8,5.1,16.2,23.1,111.8,20,47,0,33.757222,-84.396389
2019-20,Boston Celtics,242.1,41.3,89.6,.461,12.6,34.5,.364,28.7,55.0,.522,18.6,23.2,.801,10.7,35.4,46.1,23.0,8.3,5.6,13.8,21.6,113.7,48,24,0,42.366303,-71.062228
2019-20,Brooklyn Nets,242.8,40.4,90.3,.448,13.1,38.1,.343,27.3,52.1,.524,17.9,24.1,.745,10.6,37.3,47.9,24.5,6.4,4.5,15.3,21.0,111.8,35,37,0,40.682661,-73.975225
2019-20,Charlotte Hornets,242.3,37.3,85.9,.434,12.1,34.3,.352,25.2,51.6,.489,16.2,21.6,.748,11.0,31.8,42.8,23.8,6.6,4.1,14.6,18.8,102.9,23,42,0,35.225,-80.839167
2019-20,Chicago Bulls,241.2,39.6,88.6,.447,12.2,35.1,.348,27.4,53.5,.511,15.5,20.5,.755,10.5,31.4,41.9,23.2,10.0,4.1,15.5,21.8,106.8,22,43,0,41.880556,-87.674167
2019-20,Cleveland Caveliers,241.9,40.3,87.9,.458,11.2,31.8,.351,29.1,56.1,.519,15.1,19.9,.758,10.8,33.4,44.2,23.1,6.9,3.2,16.5,18.3,106.9,19,46,0,41.496389,-81.688056
2019-20,Dallas Mavericks,242.3,41.7,90.3,.461,15.1,41.3,.367,26.5,49.0,.541,18.6,23.8,.779,10.5,36.4,46.9,24.7,6.1,4.8,12.7,19.5,117.0,43,32,0,32.790556,-96.810278
2019-20,Denver Nuggets,243.1,42.0,88.9,.473,11.0,30.6,.359,31.1,58.3,.533,16.2,20.9,.777,10.8,33.4,44.1,26.7,8.0,4.6,13.8,20.3,111.3,46,27,0,39.748611,-105.0075
2019-20,Detroit Pistons,241.9,39.3,85.7,.459,12.0,32.7,.367,27.3,53.0,.515,16.6,22.4,.743,9.8,32.0,41.7,24.1,7.4,4.5,15.3,19.7,107.2,20,46,0,42.341111,-83.055
2019-20,Golden State Warriors,241.9,38.6,88.2,.438,10.4,31.3,.334,28.2,56.9,.495,18.7,23.2,.803,10.0,32.9,42.8,25.6,8.2,4.6,14.9,20.1,106.3,15,50,0,37.768056,-122.3875
2019-20,Houston Rockets,241.4,40.8,90.4,.451,15.6,45.3,.345,25.1,45.2,.557,20.6,26.1,.791,9.8,34.5,44.3,21.6,8.7,5.2,14.7,21.8,117.8,44,28,0,29.750833,-95.362222
2019-20,Indiana Pacers,241.4,42.1,88.5,.476,10.2,28.0,.363,31.9,60.4,.529,15.0,19.1,.787,8.7,34.1,42.8,25.9,7.4,5.2,13.2,19.8,109.4,45,28,0,39.763889,-86.155556
2019-20,Los Angeles Clippers,241.4,41.6,89.2,.466,12.4,33.5,.371,29.1,55.8,.522,20.8,26.3,.791,10.7,37.0,47.7,23.7,7.1,4.7,14.6,22.1,116.3,49,23,0,34.043056,-118.267222
2019-20,Los Angeles Lakers,240.7,42.3,88.3,.480,11.0,31.6,.349,31.3,56.7,.552,17.7,24.3,.729,10.7,35.1,45.7,25.4,8.6,6.6,15.2,20.7,113.4,52,19,1,34.043543,-118.265725
2019-20,Memphis Grizzlies,240.7,42.5,90.9,.468,10.9,31.5,.347,31.6,59.4,.532,16.6,21.8,.763,10.3,36.2,46.5,26.9,7.9,5.5,15.2,21.2,112.6,34,39,0,35.138333,-90.050556
2019-20,Miami Heat,243.1,39.5,84.4,.468,13.4,35.4,.379,26.0,49.0,.532,19.7,25.2,.783,8.5,35.9,44.4,25.9,7.5,4.5,14.9,20.6,112.0,44,29,0,25.781389,-80.188056
2019-20,Milwaukee Bucks,241.0,43.3,90.9,.476,13.8,38.9,.355,29.5,52.0,.567,18.3,24.7,.742,9.5,42.2,51.7,25.9,7.2,5.9,15.1,19.6,118.7,56,17,0,43.045028,-87.918167
2019-20,Minnesota Timberwolves,243.1,40.4,91.6,.441,13.3,39.7,.336,27.1,52.0,.521,19.1,25.4,.753,10.5,34.3,44.8,23.8,8.7,5.7,15.3,21.4,113.3,19,45,0,44.979444,-93.276111
2019-20,New Oreland Pelicans,242.1,42.6,91.6,.465,13.6,36.9,.370,28.9,54.8,.528,17.1,23.4,.729,11.1,35.4,46.5,26.8,7.5,5.0,16.4,21.2,115.8,30,42,0,29.948889,-90.081944
2019-20,New York Knicks,241.9,40.0,89.3,.447,9.6,28.4,.337,30.4,61.0,.499,16.3,23.5,.694,12.0,34.5,46.5,22.1,7.6,4.7,14.3,22.2,105.8,21,45,0,40.750556,-73.993611
2019-20,Oklahoma City Thunder,242.1,40.0,85.5,.468,10.7,30.2,.355,29.3,55.3,.529,19.8,24.8,.796,8.2,34.7,42.9,21.7,7.6,4.9,13.7,19.3,110.4,44,28,0,35.463333,-97.515
2019-20,Orlando Magic,240.7,39.3,88.6,.444,11.1,32.2,.343,28.3,56.4,.502,17.6,22.7,.774,10.3,34.2,44.5,23.9,8.2,5.4,12.8,18.3,107.3,33,40,0,28.539167,-81.383611
2019-20,Philadelphia 76ers,241.0,41.1,87.9,.468,11.6,31.6,.368,29.5,56.3,.524,16.9,22.4,.755,10.5,35.0,45.4,25.8,8.0,5.3,14.2,20.9,110.7,43,30,0,39.901111,-75.171944
2019-20,Pheonix Suns,241.0,41.2,88.1,.468,11.4,31.8,.358,29.8,56.3,.529,19.9,23.8,.834,9.8,33.8,43.5,27.2,7.7,4.0,14.8,22.0,113.6,34,39,0,33.445833,-112.071389
2019-20,Portland Trailblazers,241.0,42.2,91.2,.463,12.9,34.1,.377,29.3,57.1,.514,17.7,22.1,.804,10.2,35.1,45.3,20.6,6.3,6.1,12.8,21.7,115.0,35,39,0,45.531667,-122.666667
2019-20,Sacremento Kings,242.4,40.9,88.4,.462,12.7,34.9,.364,28.2,53.5,.527,15.7,20.3,.770,9.7,32.9,42.6,23.8,7.7,4.1,14.5,22.2,110.1,31,41,0,38.580361,-121.499611
2019-20,San Antonio Spurs,242.5,42.2,89.4,.472,10.7,28.5,.376,31.5,61.0,.516,19.0,23.4,.810,9.0,35.6,44.6,24.7,7.3,5.5,12.6,19.4,114.1,32,39,0,29.426944,-98.4375
2019-20,Toronto Raptors,241.4,40.2,87.9,.458,13.8,37.0,.374,26.4,50.9,.519,18.5,23.2,.796,9.5,35.9,45.4,25.2,8.8,5.0,14.8,21.7,112.8,53,19,0,43.643333,-79.379167
2019-20,Utah Jazz,241.0,40.1,85.1,.471,13.4,35.2,.380,26.7,49.9,.535,17.8,22.8,.779,9.1,35.8,44.9,22.4,6.1,4.1,15.1,20.4,111.3,44,28,0,40.768333,-111.901111
2019-20,Washington Wizards,241.0,41.5,90.9,.457,12.0,32.6,.368,29.5,58.3,.506,19.4,24.6,.788,10.2,31.9,42.0,25.0,8.0,4.3,14.2,22.7,114.4,25,47,0,38.898056,-77.020833
2020-21,Atlanta Hawks,241.7,40.8,87.2,.468,12.4,33.4,.373,28.4,53.9,.526,19.7,24.2,.812,10.6,35.1,45.6,24.1,7.0,4.8,13.2,19.3,113.7,41,31,0,33.757222,-84.396389
2020-21,Boston Celtics,241.4,41.5,88.9,.466,13.6,36.4,.374,27.9,52.5,.530,16.1,20.8,.775,10.6,33.6,44.3,23.5,7.7,5.3,14.1,20.4,112.6,36,36,0,42.366303,-71.062228
2020-21,Brooklyn Nets,241.7,43.1,87.3,.494,14.2,36.1,.392,29.0,51.2,.565,18.1,22.5,.804,8.9,35.5,44.4,26.8,6.7,5.3,13.5,19.0,118.6,48,24,0,40.682661,-73.975225
2020-21,Charlotte Hornets,241.0,39.9,87.8,.455,13.7,37.0,.369,26.3,50.8,.517,15.9,20.9,.761,10.6,33.2,43.8,26.8,7.8,4.8,14.8,18.0,109.5,33,39,0,35.225,-80.839167
2020-21,Chicago Bulls,241.4,42.2,88.6,.476,12.6,34.0,.370,29.6,54.6,.542,13.8,17.5,.791,9.6,35.3,45.0,26.8,6.7,4.2,15.1,18.9,110.7,31,41,0,41.880556,-87.674167
2020-21,Cleveland Caveliers,242.1,38.6,85.8,.450,10.0,29.7,.336,28.6,56.0,.510,16.7,22.4,.743,10.4,32.3,42.8,23.8,7.8,4.5,15.5,18.2,103.8,22,50,0,41.496389,-81.688056
2020-21,Dallas Mavericks,240.3,41.1,87.3,.470,13.8,38.1,.362,27.3,49.2,.554,16.5,21.2,.778,9.1,34.2,43.3,22.9,6.3,4.3,12.1,19.4,112.4,42,30,0,32.790556,-96.810278
2020-21,Denver Nuggets,242.8,43.3,89.2,.485,12.9,34.2,.377,30.4,55.0,.552,15.7,19.5,.803,10.5,33.9,44.4,26.8,8.1,4.5,13.5,19.1,115.1,47,25,0,39.748611,-105.0075
2020-21,Detroit Pistons,242.1,38.7,85.6,.452,11.6,32.9,.351,27.1,52.7,.515,17.8,23.4,.759,9.6,33.1,42.7,24.2,7.4,5.2,14.9,20.5,106.6,20,52,0,42.341111,-83.055
2020-21,Golden State Warriors,240.3,41.3,88.2,.468,14.6,38.7,.376,26.7,49.4,.541,16.6,21.1,.785,8.0,35.1,43.0,27.7,8.2,4.8,15.0,21.2,113.7,39,33,0,37.768056,-122.3875
2020-21,Houston Rockets,240.3,39.3,88.5,.444,13.8,40.6,.339,25.5,47.9,.532,16.5,22.3,.740,9.3,33.3,42.6,23.6,7.6,5.0,14.7,19.5,108.8,17,55,0,29.750833,-95.362222
2020-21,Indiana Pacers,242.4,43.3,91.2,.474,12.3,34.0,.364,30.9,57.3,.540,16.4,20.7,.792,9.0,33.7,42.7,27.4,8.5,6.4,13.5,20.2,115.3,34,38,0,39.763889,-86.155556
2020-21,Los Angeles Clippers,240.0,41.8,86.7,.482,14.3,34.7,.411,27.5,52.0,.529,16.2,19.3,.839,9.4,34.7,44.2,24.4,7.1,4.1,13.2,19.2,114.0,47,25,0,34.043056,-118.267222
2020-21,Los Angeles Lakers,242.4,40.6,86.1,.472,11.1,31.2,.354,29.6,54.8,.539,17.2,23.3,.739,9.7,34.6,44.2,24.7,7.8,5.4,15.2,19.1,109.5,42,30,0,34.043543,-118.265725
2020-21,Memphis Grizzlies,241.7,42.8,91.8,.467,11.2,31.4,.356,31.7,60.4,.525,16.4,21.3,.771,11.2,35.3,46.5,26.9,9.1,5.1,13.3,18.7,113.3,38,34,0,35.138333,-90.050556
2020-21,Miami Heat,241.4,39.2,83.7,.468,12.9,36.2,.358,26.3,47.5,.553,16.7,21.1,.790,8.0,33.5,41.5,26.3,7.9,4.0,14.1,18.9,108.1,40,32,0,25.781389,-80.188056
2020-21,Milwaukee Bucks,240.7,44.7,91.8,.487,14.4,37.1,.389,30.3,54.7,.554,16.2,21.4,.760,10.3,37.8,48.1,25.5,8.1,4.6,13.8,17.3,120.1,46,26,1,43.045028,-87.918167
2020-21,Minnesota Timberwolves,241.7,40.7,90.9,.448,13.1,37.6,.349,27.6,53.3,.518,17.6,23.1,.761,10.5,33.0,43.5,25.6,8.8,5.5,14.3,20.9,112.1,23,49,0,44.979444,-93.276111
2020-21,New Oreland Pelicans,242.1,42.5,89.1,.477,10.6,30.4,.348,31.9,58.6,.544,19.0,26.1,.729,11.7,35.7,47.4,26.0,7.6,4.4,14.6,18.0,114.6,31,41,0,29.948889,-90.081944
2020-21,New York Knicks,242.1,39.4,86.5,.456,11.8,30.0,.392,27.7,56.4,.490,16.4,20.9,.784,9.7,35.5,45.1,21.4,7.0,5.1,12.9,20.5,107.0,41,31,0,40.750556,-73.993611
2020-21,Oklahoma City Thunder,241.0,38.8,88.0,.441,11.9,35.1,.339,26.9,52.9,.509,15.5,21.3,.725,9.9,35.7,45.6,22.1,7.0,4.4,16.1,18.1,105.0,22,50,0,35.463333,-97.515
2020-21,Orlando Magic,240.7,38.3,89.2,.429,10.9,31.8,.343,27.4,57.4,.476,16.6,21.4,.775,10.4,35.1,45.4,21.8,6.9,4.4,12.8,17.2,104.0,21,51,0,28.539167,-81.383611
2020-21,Philadelphia 76ers,242.1,41.4,86.9,.476,11.3,30.1,.374,30.1,56.8,.531,19.6,25.5,.767,10.0,35.0,45.1,23.7,9.1,6.2,14.4,20.2,113.6,49,23,0,39.901111,-75.171944
2020-21,Pheonix Suns,242.8,43.3,88.3,.490,13.1,34.6,.378,30.3,53.7,.563,15.6,18.7,.834,8.8,34.2,42.9,26.9,7.2,4.3,12.5,19.1,115.3,51,21,0,33.445833,-112.071389
2020-21,Portland Trailblazers,240.3,41.3,91.1,.453,15.7,40.8,.385,25.6,50.3,.509,17.8,21.6,.823,10.6,33.9,44.5,21.3,6.9,5.0,11.1,18.9,116.1,42,30,0,45.531667,-122.666667
2020-21,Sacremento Kings,240.3,42.6,88.6,.481,12.1,33.3,.364,30.5,55.3,.551,16.4,22.0,.745,9.4,32.0,41.4,25.5,7.5,5.0,13.4,19.4,113.7,31,41,0,38.580361,-121.499611
2020-21,San Antonio Spurs,242.8,41.9,90.5,.462,9.9,28.4,.350,31.9,62.1,.514,17.4,22.0,.792,9.3,34.6,43.9,24.4,7.0,5.1,11.4,18.0,111.1,33,39,0,29.426944,-98.4375
2020-21,Toronto Raptors,240.3,39.7,88.7,.448,14.5,39.3,.368,25.3,49.3,.512,17.4,21.3,.815,9.4,32.1,41.6,24.1,8.6,5.4,13.2,21.2,111.3,27,45,0,43.643333,-79.379167
2020-21,Utah Jazz,241.0,41.3,88.1,.468,16.7,43.0,.389,24.5,45.1,.544,17.2,21.5,.799,10.6,37.6,48.3,23.7,6.6,5.2,14.2,18.5,116.4,52,20,0,40.768333,-111.901111
2020-21,Washington Wizards,241.7,43.2,90.9,.475,10.2,29.0,.351,33.0,61.9,.533,20.1,26.2,.769,9.7,35.5,45.2,25.5,7.3,4.1,14.4,21.6,116.6,34,38,0,38.898056,-77.020833
2021-22,Atlanta Hawks,240.3,41.5,88.3,.470,12.9,34.4,.374,28.6,53.9,.531,18.1,22.3,.812,10.0,33.9,44.0,24.6,7.2,4.2,11.9,18.7,113.9,43,39,0,33.757222,-84.396389
2021-22,Boston Celtics,242.7,40.7,87.4,.466,13.2,37.1,.356,27.5,50.3,.547,17.0,20.9,.816,10.5,35.5,46.1,24.8,7.2,5.8,13.6,18.5,111.8,51,31,0,42.366303,-71.062228
2021-22,Brooklyn Nets,240.9,42.0,88.4,.475,11.5,31.7,.361,30.5,56.7,.538,17.5,21.7,.805,10.3,34.1,44.4,25.3,7.1,5.5,14.1,20.4,112.9,44,38,0,40.682661,-73.975225
2021-22,Charlotte Hornets,242.4,42.8,91.4,.468,13.9,38.2,.365,28.8,53.3,.542,15.8,21.4,.740,10.8,33.7,44.6,28.1,8.6,4.9,13.3,19.9,115.3,43,39,0,35.225,-80.839167
2021-22,Chicago Bulls,240.6,41.7,86.9,.480,10.6,28.8,.369,31.1,58.1,.535,17.5,21.5,.813,8.7,33.7,42.3,23.9,7.1,4.1,12.8,18.8,111.6,46,36,0,41.880556,-87.674167
2021-22,Cleveland Caveliers,240.6,39.7,84.6,.469,11.6,32.8,.355,28.1,51.9,.541,16.8,22.1,.760,10.2,34.0,44.2,25.2,7.1,4.2,14.4,17.5,107.8,44,38,0,41.496389,-81.688056
2021-22,Dallas Mavericks,240.9,39.3,85.1,.461,13.1,37.4,.350,26.2,47.8,.548,16.4,21.2,.771,9.3,33.8,43.0,23.4,6.7,4.0,12.5,19.7,108.0,52,30,0,32.790556,-96.810278
2021-22,Denver Nuggets,241.5,41.7,86.3,.483,12.7,35.9,.353,29.0,50.4,.575,16.7,21.0,.795,9.2,34.9,44.1,27.8,7.2,3.7,14.5,20.0,112.7,48,34,0,39.748611,-105.0075
2021-22,Detroit Pistons,241.2,38.2,88.6,.431,11.3,34.6,.326,26.9,54.0,.498,17.2,22.0,.782,11.0,32.0,43.0,23.5,7.7,4.8,14.2,21.9,104.8,23,59,0,42.341111,-83.055
2021-22,Golden State Warriors,240.6,40.5,86.4,.469,14.3,39.4,.364,26.2,47.0,.557,15.6,20.3,.769,9.8,35.7,45.5,27.1,8.8,4.5,14.9,21.0,111.0,53,29,1,37.768056,-122.3875
2021-22,Houston Rockets,240.9,39.4,86.4,.456,13.5,38.7,.349,25.9,47.7,.543,17.5,24.5,.713,9.6,32.4,42.0,23.6,7.3,4.7,16.5,20.6,109.7,20,62,0,29.750833,-95.362222
2021-22,Indiana Pacers,242.4,41.4,89.5,.463,12.2,35.4,.344,29.3,54.1,.541,16.4,21.4,.768,11.3,32.6,43.9,25.4,7.1,5.6,14.4,20.4,111.5,25,57,0,39.763889,-86.155556
2021-22,Los Angeles Clippers,241.2,40.1,87.4,.458,12.8,34.2,.374,27.3,53.3,.512,15.5,19.6,.793,9.1,34.9,44.0,24.0,7.4,5.0,13.7,18.6,108.4,42,40,0,34.043056,-118.267222
2021-22,Los Angeles Lakers,243.7,41.6,88.8,.469,12.0,34.5,.347,29.7,54.3,.546,16.8,23.0,.732,9.5,34.5,44.0,24.0,7.6,5.2,14.5,20.2,112.1,33,49,0,34.043543,-118.265725
2021-22,Memphis Grizzlies,241.2,43.5,94.4,.461,11.5,32.7,.353,32.0,61.7,.519,17.0,23.1,.734,14.1,35.0,49.2,26.0,9.8,6.5,13.2,19.8,115.6,56,26,0,35.138333,-90.050556
2021-22,Miami Heat,242.1,39.6,84.8,.467,13.6,35.8,.379,26.0,49.0,.531,17.3,21.4,.808,9.8,33.9,43.7,25.5,7.4,3.2,14.6,20.5,110.0,53,29,0,25.781389,-80.188056
2021-22,Milwaukee Bucks,240.9,41.8,89.4,.468,14.1,38.4,.366,27.8,51.0,.544,17.8,22.9,.776,10.2,36.5,46.7,23.9,7.6,4.0,13.4,18.2,115.5,51,31,0,43.045028,-87.918167
2021-22,Minnesota Timberwolves,241.2,41.6,91.0,.457,14.8,41.3,.358,26.8,49.7,.540,18.0,23.1,.778,11.2,32.9,44.2,25.7,8.8,5.6,14.3,21.8,115.9,46,36,0,44.979444,-93.276111
2021-22,New Oreland Pelicans,240.9,40.2,88.0,.457,10.6,32.1,.332,29.5,55.9,.528,18.3,23.2,.789,12.0,33.2,45.2,25.0,8.3,4.0,14.1,19.7,109.3,36,46,0,29.948889,-90.081944
2021-22,New York Knicks,241.2,37.7,86.2,.437,13.2,36.9,.357,24.5,49.3,.497,18.0,24.1,.744,11.5,34.6,46.1,21.9,7.0,4.9,13.3,20.4,106.5,37,45,0,40.750556,-73.993611
2021-22,Oklahoma City Thunder,241.5,38.3,89.1,.430,12.1,37.4,.323,26.2,51.8,.507,15.0,19.9,.756,10.4,35.2,45.6,22.2,7.6,4.6,14.0,18.3,103.7,24,58,0,35.463333,-97.515
2021-22,Orlando Magic,241.2,38.3,88.3,.434,12.2,36.9,.331,26.1,51.4,.507,15.5,19.7,.787,9.1,35.2,44.3,23.7,6.8,4.5,14.5,19.7,104.2,22,60,0,28.539167,-81.383611
2021-22,Philadelphia 76ers,241.5,39.4,84.5,.466,11.6,31.8,.364,27.8,52.7,.527,19.6,23.8,.821,8.5,33.8,42.3,23.7,7.7,5.3,12.5,19.4,109.9,51,31,0,39.901111,-75.171944
2021-22,Pheonix Suns,240.6,43.7,90.1,.485,11.6,31.9,.364,32.1,58.2,.551,15.9,19.9,.797,9.8,35.5,45.3,27.4,8.6,4.4,12.9,19.9,114.8,64,18,0,33.445833,-112.071389
2021-22,Portland Trailblazers,240.6,38.5,87.1,.442,12.7,36.8,.346,25.8,50.3,.513,16.4,21.6,.760,10.4,32.5,42.9,22.9,8.0,4.5,14.5,21.1,106.2,27,55,0,45.531667,-122.666667
2021-22,Sacremento Kings,241.5,40.5,88.1,.460,11.4,33.2,.344,29.1,54.9,.530,17.9,23.3,.768,9.6,33.4,42.9,23.7,7.2,4.5,14.1,18.9,110.3,30,52,0,38.580361,-121.499611
2021-22,San Antonio Spurs,241.5,43.2,92.7,.467,11.3,32.0,.352,32.0,60.7,.527,15.4,20.4,.754,11.0,34.3,45.3,27.9,7.6,4.9,12.7,18.1,113.2,34,48,0,29.426944,-98.4375
2021-22,Toronto Raptors,242.1,40.6,91.3,.445,11.9,34.2,.349,28.7,57.1,.503,16.2,21.3,.759,13.4,32.0,45.3,22.1,9.0,4.6,12.5,19.6,109.4,48,34,0,43.643333,-79.379167
2021-22,Utah Jazz,240.6,40.6,86.2,.471,14.5,40.3,.360,26.0,45.8,.568,17.9,23.4,.767,10.8,35.6,46.3,22.4,7.2,4.9,14.0,18.9,113.6,49,33,0,40.768333,-111.901111
2021-22,Washington Wizards,241.8,40.6,86.0,.472,10.5,30.6,.342,30.1,55.4,.543,17.0,21.7,.783,9.0,34.1,43.1,25.0,6.4,5.0,13.1,18.8,108.6,35,47,0,38.898056,-77.020833
2022-23,Atlanta Hawks,242.1,44.6,92.4,.483,10.8,30.5,.352,33.9,61.8,.548,18.5,22.6,.818,11.2,33.2,44.4,25.0,7.1,4.9,12.9,18.8,118.4,41,41,0,33.757222,-84.396389
2022-23,Boston Celtics,243.7,42.2,88.8,.475,16.0,42.6,.377,26.2,46.2,.567,17.5,21.6,.812,9.7,35.6,45.3,26.7,6.4,5.2,13.4,18.8,117.9,57,25,0,42.366303,-71.062228
2022-23,Brooklyn Nets,240.6,41.5,85.1,.487,12.8,33.8,.378,28.7,51.3,.559,17.7,22.1,.800,8.2,32.3,40.5,25.5,7.1,6.2,13.7,21.1,113.4,45,37,0,40.682661,-73.975225
2022-23,Charlotte Hornets,241.8,41.3,90.4,.457,10.7,32.5,.330,30.5,57.9,.528,17.6,23.6,.749,11.0,33.5,44.5,25.1,7.7,5.2,14.2,20.3,111.0,27,55,0,35.225,-80.839167
2022-23,Chicago Bulls,242.7,42.5,86.8,.490,10.4,28.9,.361,32.1,57.9,.555,17.6,21.8,.809,8.5,33.9,42.4,24.5,7.9,4.5,13.4,18.9,113.1,40,42,0,41.880556,-87.674167
2022-23,Cleveland Caveliers,242.4,41.6,85.2,.488,11.6,31.6,.367,30.0,53.6,.559,17.5,22.5,.780,9.7,31.4,41.1,24.9,7.1,4.7,13.3,19.0,112.3,51,31,0,41.496389,-81.688056
2022-23,Dallas Mavericks,243.0,40.0,84.3,.475,15.2,41.0,.371,24.8,43.3,.574,19.0,25.1,.755,7.6,31.2,38.8,22.9,6.3,3.7,12.2,20.7,114.2,38,44,0,32.790556,-96.810278
2022-23,Denver Nuggets,240.9,43.6,86.4,.504,11.8,31.2,.379,31.8,55.2,.575,16.8,22.4,.751,10.1,32.9,43.0,28.9,7.5,4.5,14.5,18.6,115.8,53,29,1,39.748611,-105.0075
2022-23,Detroit Pistons,241.5,39.6,87.1,.454,11.4,32.4,.351,28.2,54.6,.516,19.8,25.7,.771,11.2,31.3,42.4,23.0,7.0,3.8,15.1,22.1,110.3,17,65,0,42.341111,-83.055
2022-23,Golden State Warriors,241.8,43.1,90.2,.479,16.6,43.2,.385,26.5,47.0,.564,16.0,20.2,.794,10.5,34.1,44.6,29.8,7.2,3.9,16.3,21.4,118.9,44,38,0,37.768056,-122.3875
2022-23,Houston Rockets,240.9,40.6,88.9,.457,10.4,31.9,.327,30.2,56.9,.530,19.1,25.3,.754,13.4,32.9,46.3,22.4,7.3,4.6,16.2,20.5,110.7,22,60,0,29.750833,-95.362222
2022-23,Indiana Pacers,240.9,42.0,89.6,.469,13.6,37.0,.367,28.4,52.6,.540,18.7,23.7,.790,10.1,31.4,41.5,27.0,7.7,5.8,14.9,21.2,116.3,35,47,0,39.763889,-86.155556
2022-23,Los Angeles Clippers,241.8,41.1,86.1,.477,12.7,33.4,.381,28.4,52.7,.539,18.7,23.9,.781,9.8,33.4,43.2,23.9,7.1,4.4,14.2,19.5,113.6,44,38,0,34.043056,-118.267222
2022-23,Los Angeles Lakers,242.4,42.9,89.0,.482,10.8,31.2,.346,32.1,57.8,.555,20.6,26.6,.775,10.0,35.7,45.7,25.3,6.4,4.6,14.1,17.9,117.2,43,39,0,34.043543,-118.265725
2022-23,Memphis Grizzlies,241.2,43.7,92.1,.475,12.0,34.2,.351,31.7,57.9,.548,17.5,23.8,.733,12.0,34.6,46.6,26.0,8.3,5.8,13.6,20.0,116.9,51,31,0,35.138333,-90.050556
2022-23,Miami Heat,241.5,39.2,85.3,.460,12.0,34.8,.344,27.3,50.5,.540,19.1,23.0,.831,9.7,30.9,40.6,23.8,8.0,3.0,13.5,18.5,109.5,44,38,0,25.781389,-80.188056
2022-23,Milwaukee Bucks,241.8,42.7,90.4,.473,14.8,40.3,.368,27.9,50.1,.557,16.6,22.4,.743,11.1,37.5,48.6,25.8,6.4,4.9,14.6,18.1,116.9,58,24,0,43.045028,-87.918167
2022-23,Minnesota Timberwolves,241.8,42.9,87.4,.490,12.2,33.3,.365,30.7,54.1,.568,17.9,23.7,.755,9.1,32.8,41.9,26.2,8.0,5.4,15.3,21.6,115.8,42,40,0,44.979444,-93.276111
2022-23,New Oreland Pelicans,242.1,42.0,87.6,.480,11.0,30.1,.364,31.1,57.5,.541,19.3,24.4,.793,10.6,33.1,43.7,25.9,8.3,4.1,14.6,20.5,114.4,42,40,0,29.948889,-90.081944
2022-23,New York Knicks,243.4,42.0,89.4,.470,12.6,35.7,.354,29.4,53.6,.547,19.4,25.5,.761,12.6,34.0,46.6,22.9,6.4,4.1,13.0,20.3,116.0,47,35,0,40.750556,-73.993611
2022-23,Oklahoma City Thunder,242.1,43.1,92.6,.465,12.1,34.1,.356,31.0,58.5,.530,19.2,23.7,.809,11.4,32.3,43.6,24.4,8.2,4.2,13.0,21.0,117.5,40,42,0,35.463333,-97.515
2022-23,Orlando Magic,241.2,40.5,86.3,.470,10.8,31.1,.346,29.8,55.2,.539,19.6,25.0,.784,10.2,33.1,43.2,23.2,7.4,4.7,15.1,20.1,111.4,34,48,0,28.539167,-81.383611
2022-23,Philadelphia 76ers,242.4,40.8,83.8,.487,12.6,32.6,.387,28.2,51.2,.551,21.0,25.1,.835,8.7,32.2,40.9,25.2,7.7,4.7,13.7,20.4,115.2,54,28,0,39.901111,-75.171944
2022-23,Pheonix Suns,241.2,42.1,90.1,.467,12.2,32.6,.374,29.9,57.5,.520,17.2,21.7,.793,11.8,32.4,44.2,27.3,7.1,5.3,13.5,21.2,113.6,45,37,0,33.445833,-112.071389
2022-23,Portland Trailblazers,240.6,40.5,85.4,.474,12.9,35.3,.365,27.6,50.1,.550,19.6,24.6,.796,9.4,31.1,40.5,24.2,6.7,4.6,14.5,20.0,113.4,33,49,0,45.531667,-122.666667
2022-23,Sacremento Kings,241.8,43.6,88.2,.494,13.8,37.3,.369,29.8,50.9,.586,19.8,25.1,.790,9.5,32.9,42.5,27.3,7.0,3.4,13.5,19.7,120.7,48,34,0,38.580361,-121.499611
2022-23,San Antonio Spurs,242.1,43.1,92.6,.465,11.1,32.2,.345,32.0,60.4,.529,15.8,21.2,.743,11.8,31.9,43.7,27.2,7.0,3.9,15.3,19.9,113.0,22,60,0,29.426944,-98.4375
2022-23,Toronto Raptors,241.5,41.9,91.3,.459,10.7,32.0,.335,31.1,59.3,.525,18.4,23.4,.784,12.7,30.3,43.0,23.9,9.4,5.2,11.7,20.0,112.9,41,41,0,43.643333,-79.379167
2022-23,Utah Jazz,241.5,42.5,89.8,.473,13.3,37.8,.353,29.2,52.0,.560,18.7,23.8,.786,11.8,34.1,45.9,26.0,6.1,5.2,15.4,20.5,117.1,37,45,0,40.768333,-111.901111
2022-23,Washington Wizards,240.9,42.1,86.9,.485,11.3,31.7,.356,30.9,55.2,.559,17.6,22.4,.785,9.4,34.2,43.6,25.4,6.8,5.2,14.1,18.8,113.2,35,47,0,38.898056,-77.020833
2023-24,Atlanta Hawks,242.1,43.0,92.5,.465,13.7,37.7,.364,29.3,54.8,.535,18.5,23.2,.797,12.5,32.2,44.7,26.6,7.5,4.5,13.5,18.6,118.3,36,46,0,33.757222,-84.396389
2023-24,Boston Celtics,241.8,43.9,90.2,.487,16.5,42.5,.388,27.4,47.7,.575,16.3,20.2,.807,10.7,35.6,46.3,26.9,6.8,6.6,11.9,16.2,120.6,64,18,1,42.366303,-71.062228
2023-24,Brooklyn Nets,241.5,40.7,89.1,.456,13.3,36.7,.362,27.4,52.4,.522,15.8,20.9,.756,11.4,32.6,44.1,25.6,6.8,5.2,13.1,18.5,110.4,32,50,0,40.682661,-73.975225
2023-24,Charlotte Hornets,240.6,40.0,87.0,.460,12.1,34.0,.355,28.0,53.0,.528,14.5,18.4,.786,9.3,31.0,40.3,24.8,6.9,4.5,13.8,18.0,106.6,21,61,0,35.225,-80.839167
2023-24,Chicago Bulls,243.7,42.0,89.5,.470,11.5,32.1,.358,30.6,57.4,.532,16.7,21.1,.791,11.2,32.6,43.8,25.0,7.8,4.8,12.2,18.8,112.3,39,43,0,41.880556,-87.674167
2023-24,Cleveland Caveliers,241.5,41.8,87.2,.479,13.5,36.8,.367,28.3,50.4,.561,15.6,20.4,.765,9.8,33.4,43.3,28.0,7.4,4.6,13.6,17.5,112.6,48,34,0,41.496389,-81.688056
2023-24,Dallas Mavericks,240.3,43.1,89.7,.481,14.6,39.5,.369,28.5,50.1,.569,17.0,22.5,.758,9.7,33.2,42.9,25.7,6.9,5.0,12.5,18.3,117.9,50,32,0,32.790556,-96.810278
2023-24,Denver Nuggets,240.3,44.0,88.8,.496,11.7,31.2,.374,32.3,57.5,.562,15.1,19.9,.762,10.7,33.7,44.4,29.5,7.1,5.6,12.6,18.2,114.9,57,25,0,39.748611,-105.0075
2023-24,Detroit Pistons,240.9,40.9,88.2,.463,11.0,31.7,.348,29.8,56.5,.528,17.0,21.7,.785,10.5,32.8,43.3,25.5,6.5,4.7,15.2,20.6,109.9,14,68,0,42.341111,-83.055
2023-24,Golden State Warriors,241.8,43.7,91.6,.477,14.8,38.9,.380,28.9,52.7,.548,15.6,20.0,.780,12.1,34.6,46.7,29.3,7.0,4.6,14.3,19.5,117.8,46,36,0,37.768056,-122.3875
2023-24,Houston Rockets,242.1,41.8,91.0,.459,12.7,36.1,.352,29.0,54.8,.530,18.1,23.4,.773,11.5,34.0,45.5,24.8,7.8,4.6,12.7,20.8,114.3,41,41,0,29.750833,-95.362222
2023-24,Indiana Pacers,240.3,47.0,92.7,.507,13.2,35.3,.374,33.8,57.4,.589,16.1,20.5,.782,10.1,31.4,41.5,30.8,7.7,5.9,12.9,21.4,123.3,47,35,0,39.763889,-86.155556
2023-24,Los Angeles Clippers,240.3,42.4,86.7,.489,12.6,33.2,.381,29.7,53.5,.555,18.3,22.2,.825,10.0,32.9,43.0,25.6,7.8,5.0,13.1,18.5,115.6,51,31,0,34.043056,-118.267222
2023-24,Los Angeles Lakers,242.1,43.7,87.5,.499,11.8,31.4,.377,31.8,56.2,.567,18.9,24.2,.782,8.2,34.9,43.1,28.5,7.4,5.5,14.0,15.6,118.0,47,35,0,34.043543,-118.265725
2023-24,Memphis Grizzlies,241.2,38.4,88.2,.435,13.1,37.8,.346,25.3,50.4,.502,16.0,21.0,.764,10.9,31.7,42.6,24.7,8.2,6.1,15.1,19.1,105.8,27,55,0,35.138333,-90.050556
2023-24,Miami Heat,240.9,39.8,85.6,.465,12.5,33.7,.370,27.4,51.9,.527,18.0,22.0,.818,9.3,33.0,42.3,25.8,7.5,3.4,12.7,17.3,110.1,46,36,0,25.781389,-80.188056
2023-24,Milwaukee Bucks,241.5,43.1,88.5,.487,14.2,38.1,.373,29.0,50.4,.574,18.5,23.9,.774,9.4,34.8,44.2,26.5,6.8,5.0,12.9,19.2,119.0,49,33,0,43.045028,-87.918167
2023-24,Minnesota Timberwolves,241.5,41.3,85.0,.485,12.6,32.7,.387,28.6,52.4,.546,17.8,22.9,.777,9.4,34.2,43.6,26.6,7.9,6.1,14.2,18.8,113.0,56,26,0,44.979444,-93.276111
2023-24,New Oreland Pelicans,240.3,42.5,87.4,.486,12.5,32.6,.383,30.0,54.8,.548,17.6,22.8,.771,10.4,33.6,44.0,27.0,8.3,4.6,13.0,18.4,115.1,49,33,0,29.948889,-90.081944
2023-24,New York Knicks,240.6,41.3,88.7,.465,13.2,35.8,.369,28.1,52.9,.531,17.0,21.8,.780,12.7,32.5,45.2,24.4,7.5,4.1,13.2,17.6,112.8,50,32,0,40.750556,-73.993611
2023-24,Oklahoma City Thunder,241.5,44.5,89.3,.499,13.3,34.2,.389,31.3,55.1,.567,17.7,21.5,.825,8.8,33.2,42.0,27.1,8.5,6.6,12.7,18.8,120.1,57,25,0,35.463333,-97.515
2023-24,Orlando Magic,241.2,40.5,84.9,.476,11.0,31.3,.352,29.5,53.6,.549,18.5,24.4,.759,10.5,31.8,42.3,24.7,8.2,5.2,14.7,19.7,110.5,47,35,0,28.539167,-81.383611
2023-24,Philadelphia 76ers,241.2,41.5,89.4,.464,12.1,33.3,.363,29.4,56.1,.525,19.5,23.6,.826,11.0,31.9,43.0,24.9,8.5,6.0,12.0,20.3,114.6,47,35,0,39.901111,-75.171944
2023-24,Pheonix Suns,241.2,42.5,86.1,.493,12.4,32.6,.382,30.0,53.6,.561,18.9,23.4,.808,10.1,33.9,44.1,27.0,7.4,6.0,14.9,18.0,116.2,49,33,0,33.445833,-112.071389
2023-24,Portland Trailblazers,242.4,39.4,89.7,.439,11.5,33.2,.345,27.9,56.5,.494,16.2,20.5,.791,12.6,30.1,42.7,23.1,7.6,4.3,15.2,20.2,106.4,21,61,0,45.531667,-122.666667
2023-24,Sacremento Kings,242.1,43.3,90.9,.477,14.4,39.3,.366,29.0,51.7,.561,15.5,20.9,.745,10.8,33.2,44.0,28.3,7.6,4.2,13.1,19.9,116.6,46,36,0,38.580361,-121.499611
2023-24,San Antonio Spurs,241.8,41.9,90.7,.462,12.6,36.4,.347,29.3,54.3,.539,15.6,20.0,.782,10.4,33.9,44.2,29.9,7.1,6.3,15.1,17.2,112.1,22,60,0,29.426944,-98.4375
2023-24,Toronto Raptors,241.5,42.3,89.7,.471,11.5,33.1,.347,30.8,56.6,.543,16.3,21.6,.756,10.9,31.8,42.7,28.5,7.7,4.7,14.0,18.4,112.4,25,57,0,43.643333,-79.379167
2023-24,Utah Jazz,241.5,42.0,89.9,.467,12.9,36.5,.354,29.1,53.4,.544,18.8,22.6,.830,12.2,33.2,45.5,27.2,6.5,5.6,15.7,18.6,115.7,31,51,0,40.768333,-111.901111
2023-24,Washington Wizards,240.6,43.0,91.4,.470,12.4,35.5,.348,30.6,55.8,.548,15.4,20.2,.764,9.2,31.9,41.1,27.9,7.6,5.1,14.0,20.0,113.7,15,67,0,38.898056,-77.020833
